id,input,expected_output
1,"{""caption"": ""Concertos de abril ğŸ«¶\n\n12.04.24 ğŸ‘‰ @javierturnes\n19.04.24 ğŸ‘‰ @tulsamireniza\n20.04.24 ğŸ‘‰ @freedoniasoul\n26.04.24 ğŸ‘‰ @madmartintrio\n28.04.24 ğŸ‘‰ @nubiyantwist\n\nPara mÃ¡is info consulta a nosa web ğŸ™‡ğŸ»â€â™‚ï¸ link in bio\n\nğŸ“¸ @aigiboga\n\n#riquela #riquelaclub #santiagodecompostela"", ""date"": ""2024-09-04"", ""image_path"": ""img/img1.png""}","{""artistas"": [""javierturnes"", ""tulsamireniza"", ""freedoniasoul"", ""madmartintrio"", ""nubiyantwist""], ""fecha"": [""12-04-2024"", ""19-04-2024"", ""20-04-2024"", ""26-04-2024"", ""28-04-2024""], ""ubicacion"": [""Riquelaclub""]}"
2,"{""caption"": ""ComeÃ§amos o ano com nova travessia!!! Viajemos!!!\n\n(lembrai que no Ãºltimo fim de semana de 2014 nÃ£o abrimos, voltamos dia 3 de janeiro)\n\n3 de janeiro, Ã s 22h30, concerto de Breo @breo_grupofolk\n\n4 de janeiro, Ã s 22h30, concerto de Xoan Curiel @xoan_curiel\n\n10 de janeiro, Ã s 22h30, concerto de Alana @alanatrio\n\n11 de janeiro, Ã s 22h30, concerto de Exquisitos ghipes de merda\n\n17 de janeiro, Ã s 22h30, concerto de Alejandro Rosa @alejandro_rosa.music\n\n18 de janeiro, Ã s 22h30, concerto de O Leo @arremecaghona3\n\n24 de janeiro, Ã s 22h30, concerto de A Pedreira + Banda apresentam BASAL @a_pedreira_ugia\n\n31 de Janeiro, Ã s 22h30, concerto de Baraza @baraza.musica"", ""date"": ""26-12-2024"", ""image_path"": ""img/img2.png""}","{""artistas"": [""Breo"", ""Xoan Curiel"", ""Alana"", ""Exquisitos ghipes de merda"", ""Alejandro Rosa"", ""O Leo"", ""A Pedreira + Banda"", ""Baraza""], ""fecha"": [""3-1-2024"", ""4-1-2024"", ""10-1-2024"", ""11-1-2024"", ""17-1-2024"", ""18-1-2024"", ""24-1-2024"", ""31-1-2024""], ""ubicacion"": [""Arca da Noe""]}"
3,"{""caption"": ""Tenemos un Gran dÃ­a para Terminar este AÃ±o.\n\nEse dÃ­a es el 14 de Diciembre de 2024.\n\nğŸ’EL DIA MUNDIAL DEL MONO.ğŸ’\n\nQueremos celebrarlo por todo lo alto, UNA MONADA DE NOCHE, con una gran fiesta musical que comenzarÃ¡ ğŸ“¢ A las 20:30h. con el concierto acÃºstico de @juan_castro_musica una persona maravillosa que ya hemos tenido el placer de conocer hace aÃ±os, siendo parte de \""Maldito Murphy\"".\nAhora empieza su trayectoria en solitario con su primer disco \""Salto al vacÃ­o\"".\nEste trabajo ha sido calificado como una propuesta Ãºnica y original, captando rÃ¡pidamente la atenciÃ³n del pÃºblico y tenÃ­an buena acogida en las redes sociales.\n\nğŸ“¢ A las 23:30h. y con mucha ganas por las dos partes ğŸ˜œ, recibiremos a @antifragilband una pedazo banda Viguesa que estÃ¡ triunfando en el escenario musical, demostrando que los baches que te pone la vida tienes que sortearlos y seguir adelante.\nEn 2025 va a Seguro triunfando en muchos festivales y grandes escenarios, con su nuevo single \""Ausente\"" o \""Miedo\"" y muchos mÃ¡s que nos van a hacer saltar como MONOS ğŸ˜œğŸ’\n\nNoche Ãºnica con un escenario Ãºnico y alguna sorpresa ğŸ«¢ ğŸ˜"", ""date"": ""23-11-2024"", ""image_path"": ""img/img3.png""}","{""artistas"": [""juan_castro_musica"", ""antifragilband""], ""fecha"": [""14-12-2024 20:30"", ""23:30""], ""ubicacion"": [""Cafe Teatro Bajo""]}"
4,"{""caption"": ""Este viernes 22 de Noviembre celebraremos el dÃ­a de la mÃºsica! Contaremos con la actuaciÃ³n de @milcordobas y de @zrzband. La entrada serÃ¡ gratuita. El concierto empieza a las 22 horas. Este concierto forma del DÃ­a de la MÃºsica. Salas de concierto = Espacio de cultura, que se celebrarÃ¡ en toda EspaÃ±a este fin de semana. Acto promocionado por el gobierno de EspaÃ±a. @cndm_inaem @inaem y @acces_salasconciertos. Os esperamos! Que no pare la mÃºsica!!"", ""date"": ""19-11-2024"", ""image_path"": ""img/img4.png""}","{""artistas"": [""milcordobas"", ""zrzband""], ""fecha"": [""22-11-2024 22:00""], ""ubicacion"": [""Stereo RocknRoll Bar""]}"
5,"{""caption"": ""Hola queridos \""Garufos\"" estos son nuestros eventos en lo que resta de este aÃ±o 2024. Ju26.- @Garufa Blue Devils Big Band Vi27.- Tregua en CoruÃ±a - Agotadas SÃ¡28.- Son de camaguey Para la \""Noche de Fin de AÃ±o con Los MecÃ¡nicos\"" estÃ¡ todo el papel agotado ya hace mas de un mes. Ante las numerosas peticiones de entradas que seguimos recibiendo, y para todos aquellos que no os querÃ¡is \""Pelicanizar\"", os animamos a que os acerquÃ©is a Salas como pueden ser por ejemplo la Sala Mardi Gras o el Filloa Jazz Club, salas que luchan durante todo el aÃ±o por mantener la llama de la #MÃºsicaEnDirecto desde una perspectiva muy pareja a la nuestra, que no es otra que la que nos acoge en nuestra \""bendita\"" asociaciÃ³n. Clubtura -AsociaciÃ³n Galega de Salas de MÃºsica ao Vivo- Felices Festas e Bo Nadal @sala_mardi_gras_a_coruna @jazzfilloa_oficial"", ""date"": ""19-11-2024"", ""image_path"": ""img/img5.png""}","{""artistas"": [""Garufa Blue Devils Big Band"", ""Tregua en CoruÃ±a"", ""Son de camaguey"", ""Los MecÃ¡nicos""], ""fecha"": [""26-12-2024"", ""27-12-2024"", ""28-12-2024""], ""ubicacion"": [""Garufa Club"", ""Sala Mardi Gras"", ""Filloa Jazz Club""]}"
6,"{""caption"": ""ğŸ”¥VI ANIVERSARIOğŸ”¥ âš¡Festa e protesta!! AquÃ­ vai o cartaz do noso sexto aniversario, e desta volta queremos unir forzas con @plataformaulloaviva para defender a nosa terra! ALTRI NON!! Toda a recadaciÃ³n do merch irÃ¡ destinada a esta loita âœŠğŸ¼ ğŸ’¥VenresğŸ‘‰ [22:30h] @whydontyoufaul + #escalenux ğŸ’¥SÃ¡badoğŸ‘‰ [22:30h] @skanderani_band + #MantekaDJ ğŸ’¥DomingoğŸ‘‰ [20:00h] @losladridos e merendola de free! ğŸ”ŠAcceso gratuÃ­to (entrada inversa) #krazzykray #krazzylive #VIaniversario #cambados #altrinon"", ""date"": ""09-12-2024"", ""image_path"": ""img/img6.png""}","{""artistas"": [""whydontyoufaul + escalenux"", ""skanderani_band + MantekaDJ"", ""losladridos e merendola de free!""], ""fecha"": [""22-30-2023 22:30"", ""23-30-2023 22:30"", ""24-30-2023 20:00""], ""ubicacion"": [""Sala krazy kray""]}"
7,"{""caption"": ""ğŸ¥ Cinema per a gaudir en famÃ­lia: 'Sirocco i el regne dels vents' ğŸŒ¬ï¸ğŸ° Una pelÂ·lÃ­cula plena de mÃ gia i aventures que ens narra la histÃ²ria de Juliette i Carme, dues germanes intrÃ¨pides, descobreixen un passatge secret cap al Regne dels Vents, on viuran esdeveniments plens dâ€™imaginaciÃ³, coratge i mÃºsica. ğŸ“† Dissabte 28 de desembre â° 18h00 ğŸ‘¨â€ğŸ‘©â€ğŸ‘§ PÃºblic familiar ğŸŸï¸ ğ—”ğ—¯ğ—¼ğ—»ğ—®ğ—ºğ—²ğ—»ğ˜ ğ—³ğ—®ğ—ºğ—¶ğ—¹ğ—¶ğ—®ğ—¿ ğ—±ğ—¶ğ˜€ğ—½ğ—¼ğ—»ğ—¶ğ—¯ğ—¹ğ—²! Per a assistir a 8 sessions per a una mateixa persona o diferents membres (no Ã©s nominal). TambÃ© pots comprar-lo per a regalar cultura aquest #Nadal ğŸğŸ­ ğŸ« Entrades anticipades i abonament a la secciÃ³ \""ğ˜ğ˜¦ğ˜¯ğ˜µğ˜¢ ğ˜¥'ğ˜¦ğ˜¯ğ˜µğ˜³ğ˜¢ğ˜¥ğ˜¦ğ˜´\"" de teatreravalgandia.org Organitza: @teatreravalgandia @lacasacalba_org ColÂ·laboren: @generalitatvalenciana @gvacultura @gvaeducacio @institutvalenciadecultura @cndm_inaem @culturadival @ajuntamentdegandia #nadal2024 #cinemafamiliar #cinemaperatotalafamilia #sirocco #siroccoielregnedelsvents #proyecciÃ³ #cinemaalpoble #sessiÃ³decine #cinegandia # #cicledecinema #LaCasacalba #Gandia #LaSafor #nadalagandia #nadalalteatre #abonamentfamiliar #regalacultura #peratotalafamilia #espectaclefamiliar # #espectaclesdenadal #campanyadenadal #gandia"", ""date"": ""19-12-2024"", ""image_path"": ""img/img7.png""}","{""artistas"": [""'Sirocco i el regne dels vents'""], ""fecha"": [""28-12-2024 18:00""], ""ubicacion"": [""Teatre del Raval Gandia""]}"
8,"{""caption"": ""Nuevos tiempos, nuevas mÃºsicas. @dbfest_ es un nuevo evento promovido por jÃ³venes murcianos con el objetivo de despedir el aÃ±o 2024 mostrando el talento emergente de la @regiondemurcia_. Presentan un nutrido lineup con 21 artistas donde se encuentran gÃ©neros musicales tan variados como urbano, indie, pop o reggaetÃ³n, junto a diferentes gÃ©neros de la escena electrÃ³nica como house, afrohouse, EDM o comercial hardstyle, todo made in Murcia. Nuevos talentos que han decidido unir fuerzas para presentar sus propuestas en un evento conjunto que ofrecerÃ¡ 12 horas de mÃºsica en la sala con mejor sonido del sureste estatal, creando un espacio protagonizado por sonidos frescos y vanguardistas. Nada menos que 16 conciertos y 5 sesiones de deejays, nuevas propuestas que buscan su lugar en una escena musical murciana que vive el mejor momento de su historia. Â¿Te apetece descubrir nuevas promesas?. Este es el horario: 19:00 - Apertura de puertas 19:00 - anafdxz 19:30 - @kaliopeofficial_ 20:00 - @mursiaaaa 20:40 - @puntodefuga.wav 21:15 - @_renypunto 21:30 - Judith Morales 22:00 - Iste 490 @jose_mula22 22:20 - @galoacsss 23:00 - @akamarinnn 23:20 - Ahmdz 23:50 - @santaals 00:15 - TCK 00:40 - J.Jhana 00:50 - @il_proteine_30170 01:20 - @navarrikii 01:40 - @tormentahelse.b 02:30 - Djs sets de @djloozano._, @avenza___, @dj.victorzurano, Karito y @dj.alexromeroo hasta que el body aguante. El evento serÃ¡ presentado por @detectivemurciano y @el_jesucristo_murciano. Pilla tu entrada para el @dbfest_ en @discostrafico, @discoscomix_ o @compralaentrada, que estÃ¡n baraticas. Ya sabes las cuatro palabras mÃ¡gicas: APOYA TU ESCENA LOCAL. Las @acces_salasconciertos son espacios de @culturagob necesarios e imprescindibles para el desarrollo de la escena musical emergente. #ApoyaTuSala"", ""date"": ""24-12-2024"", ""image_path"": ""img/img8.png""}","{""artistas"": [""anafdxz"", ""kaliopeofficial_"", ""mursiaaaa"", ""puntodefuga.wav"", ""renypunto"", ""Judith Morales"", ""jose_mula22"", ""galoacsss"", ""akamarinnn"", ""Ahmdz"", ""santaals"", ""TCK"", ""J.Jhana"", ""il_proteine_30170"", ""navarrikii"", ""tormentahelse.b"", ""djloozano."", ""avenza___"", ""dj.victorzurano"", ""Karito"", ""dj.alexromeroo""], ""fecha"": [""29-12-2024 19:00""], ""ubicacion"": [""Garaje Beat Club""]}"
9,"{""caption"": ""NOCHEVIEJA en Peter Rock!! â€” NOCHEVIEJA PARA BAILAR TOTA LA NIGHT LONG SENSE PAUSES â€” Esta Nochevieja la celebramos a todo Rock And Roll con The Wanderers en directo y sus grandes clÃ¡sicos de la dÃ©cada de los 50s y 60s. Luego tenemos a Dj Ferro que ta harÃ¡ bailar toda la nit sin parar y hasta el amanecer. Tenemos empanadas y pizzas de La Valentina para cuando te pique el gusanillo. Y cotillÃ³n tota la nit. Buena mÃºsica, buen rollo, buena comida, buena bebidaâ€¦que no te va a faltar nÃ¡ de nÃ¡. ğŸ—“ï¸ 31/12/2024 ğŸ“Peter Rock Club Valencia ğŸŸï¸ Entrada c/cerveza 10,00â‚¬ ğŸŸï¸ Entrada c/cubata 15,00â‚¬"", ""date"": ""16-12-2024"", ""image_path"": ""img/img9.png""}","{""artistas"": [""The Wanderers y Dj Ferro""], ""fecha"": [""31-12-2024 00:00""], ""ubicacion"": [""Peter Rock Club""]}"
10,"{""caption"": ""âœ¨ Esta semana en La Lata de Bombillas âœ¨ ğŸ“… Martes 24 de diciembre ğŸ„ Nochebuena con DJ @cheliszgz ğŸ§ Celebra la Nochebuena con con mucho ritmo de la mano del inigualable DJ Chelis. ğŸ•› A partir de las 00:00 h ğŸ“… Viernes 27 de diciembre ğŸŒŸ The Great Big Christmas-New Year Party ğŸ¶ Con @thehermeticsband y @forsale.oficial , dos de las bandas mÃ¡s destacadas del panorama local, presentando sus Ãºltimos trabajos. AdemÃ¡s, DJ Jimmy Loop desde Londres pondrÃ¡ el broche final con su mÃºsica. Todo lo recaudado serÃ¡ destinado a la @zaragozafundacionsanblas para apoyar su labor con personas sin hogar. ğŸ• Puertas a las 20:30 h | Concierto: 21h ğŸ“… SÃ¡bado 28 de diciembre ğŸ¤ @caserosincasa presenta â€œÂ¿Estoy exagerando???â€ ğŸµ Una noche de indie rock llena con el nuevo disco de Casero, que ha colaborado con artistas como CariÃ±o y Russian Red. ğŸ• Puertas a las 20:30 h | Concierto: 21h ğŸ“ Todos los eventos en La Lata de Bombillas ğŸ« Entradas ya disponibles. Â¡No te quedes fuera! ğŸ’¥ #25aniversariodelaltadebombillas #lalatadebombillas #conciertoszaragoza"", ""date"": ""23-12-2024"", ""image_path"": ""img/img10.png""}","{""artistas"": [""DJ Chelis"", ""The Hermetics Band"", ""For Sale Oficial"", ""DJ Jimmy Loop"", ""Caserosincasa""], ""fecha"": [""24-12-2023 00:00"", ""27-12-2023 20:30"", ""28-12-2023 20:30""], ""ubicacion"": [""La Lata de Bombillas""]}"
11,"{""caption"": ""Agenda del Black Bourbon del 12 al 15 de Diciembre ğŸ“ Calle Puerta Sol 8, LeÃ³n\n\nJUEVES 12 â€“ JAM SESSION ğŸ“† Todos los jueves âœ… Apertura 21:00h ğŸ¸ Inicio 22:00h ğŸŸï¸ Entrada Gratuita. ğŸ¶ Estilo: Jam session (blues, soul, rock, pop y metal) ğŸº ConsumiciÃ³n mÃ­nima obligatoria\n\nVIERNES 13 - NASHVILLE âœ…Apertura 21:00 ğŸ¸Inicio 21:00h ğŸŸï¸ Entrada Ãºnica 5â‚¬ ğŸ¶ Estilo: Rock SureÃ±o, Blues ğŸ—ºï¸ Origen: LeÃ³n\n\nSÃBADO 14 - NURCRY âœ…Apertura 21:00 ğŸ¸Inicio 22:00h ğŸŸï¸ Entrada Ãºnica 15â‚¬ ğŸŒ Online: ticketandroll.com ğŸ¶ Estilo: Heavy Metal ğŸ—ºï¸ Origen: Madrid\n\nDOMINGO 15 â€“ DOMINGOS DE SWING â€“ ESPECIAL NAVIDAD âœ…Apertura 18:00h ğŸ¸Inicio 18:00h ğŸŸï¸ Entrada Gratuita ğŸ¶ Estilo: Baile Swing ğŸº ConsumiciÃ³n mÃ­nima obligatoria *Recomendable traer atuendo navideÃ±o"", ""date"": ""12-12-2024"", ""image_path"": ""img/img11.png""}","{""artistas"": [""Jam Session"", ""Nashville"", ""Nurcry"", ""Domingos de Swing""], ""fecha"": [""12-12-2024 22:00"", ""13-12-2024 21:00"", ""14-12-2024 22:00"", ""15-12-2024 18:00""], ""ubicacion"": [""BlackBourbon"", ""Calle Puerta Sol 8"", ""LeÃ³n""]}"
12,"{""caption"": ""ğŸ Malandar LOL  / Crazy Club Every Weekend âœ¨\n\nğŸ—“ï¸ VIERNES 20 DIC con Milana , LÂ·Nita & Nick Bennett\n\nğŸ—“ï¸ SÃBADO 21 DIC con LÂ·Nita, Rodama & L.Soldevilla\n\nHOUSE / DISCO / FUNK / LATIN BEATS & HITS\n\nğŸ‘‰ğŸ¼MALANDAR LOL es un nuevo concepto de fiesta. La fiesta definitiva de los findes en Sevilla! Un club loco que mezcla Hits sin prejuicios para que luzca con orgullo tus pasos prohibidos, disfraces, animaciÃ³n y muchas ganas de pasarlo bien bailando la electrÃ³nica mÃ¡s divertida. Da igual con quiÃ©n estÃ©s, si entras en Malandar LOL ya no sabes cÃ³mo salir de ahÃ­. Te parte la tarde. La noche. La madrugÃ¡. Yo quÃ© sÃ©! Ven, baila, pega cuatro volteretas y sacÃºdete la ansiedad !!!\n\nğŸŸï¸ Entrada Gratis hasta la 01:30h si te inscribes en SalaMalandar.com (Link en BIO) / Fuera de lista 10â‚¬ con copa Ã³ 2 cervezas ğŸ»"", ""date"": ""18-12-2024""}","{""artistas"": [""Milana"", ""LÂ·Nita & Nick Bennett"", ""LÂ·Nita"", ""Rodama & L.Soldevilla""], ""fecha"": [""20-12-2024"", ""21-12-2024""], ""ubicacion"": [""Malandar Music Club""]}"
13,"{""caption"": ""Vamos a por la semana vas variopinta del mes, desde el suave sonido de Albino Rhino ğŸ¦ hasta los insaciables ritmos de A nosa verbena ğŸª‡, pasando por la energÃ­a de Ponzano ğŸ§Œ, con la sutileza de Ya no puedes verme ğŸ™…ğŸ½ y la frescura en El localğŸ›; sin olvidarse del fantÃ¡stico homenaje a Lou Reed y The Velvet Underground ğŸ’que se estÃ¡ preparando para el domingo. Desliza y descubre la programaciÃ³n de esta semanağŸ‘‡ âœ¹ MiÃ©rcoles 19 @creaenlamilagrosa son dream-punk con trazas de post-pop; nacidos en 2022, presentan â€˜Ya no me duele malâ€™ su primer LP, en la ciudad que les ha visto crecer. Â¡SOLD OUT! âœ¹ Jueves 20 @aaronrux presentarÃ¡ Albino Rhino, su tercer Ã¡lbum, que rinde homenaje a la caÃ³tica belleza de estas carreras de choque. Â¡TodavÃ­a quedan entradas en @dice_spain ! âœ¹ Viernes 21 @ortiga.ortiga.ortiga es uno de los embajadores subterrÃ¡neos de una fusiÃ³n que derriba gÃ©neros para alumbrar un sonido absolutamente personal. Referente alternativa de la recuperaciÃ³n del sonido de verbena y de la reivindicaciÃ³n de gÃ©neros como el merengue, la cumbia o el electro-latina desde una mirada contemporÃ¡nea. Â¡SOLD OUT! âœ¹ SÃ¡bado 22 @extranospasajeros lleva unos meses trabajando y se presentan con nuevo EP reciÃ©n salido del horno, â€˜Silencios complicados. EstÃ¡n listos para hacerte bailar junto con @simunn.p como artista invitado, prepÃ¡rate para una fiesta Ã©pica y buena mÃºsica. âœ¹ Domingo 23 El domingo nos reuniremos para celebrar la vida y la obra en solitario, en colaboraciÃ³n y, por supuesto, al frente de THE VELVET UNDERGROUD de Lou Reed. SerÃ¡ de la mano de @mariajesusysuhijo, banda madrileÃ±a de culto que, precisamente, comenzÃ³ su andadura haciendo versiones de la VU. ğŸ« + info salaelsol.com Una programaciÃ³n alucinante que es posible tambiÃ©n gracias al trabajo y apoyo de @aduriztalent @mazo.madriz @volcanmusica @rasoestudio @elsantoinmortalprod #febrero #agendadeconciertos #ElSol #ElSolMadrid #SalaElSol #conciertoselsol #conciertosmadrid #livemusicMadrid #inviernoenMadrid #2025"", ""date"": ""17-02-2025""}","{""artistas"": [""Albino Rhino, A nosa verbena, Ponzano, Ya no puedes verme, El local, creaenlamilagrosa, aaronrux, ortiga.ortiga.ortiga, extranospasajeros, simunn.p, Maria Jesus y Suhijo, Lou Reed and The Velvet Underground""], ""fecha"": [""19-02-2025 00:00, 20-02-2025 00:00, 21-02-2025 00:00, 22-02-2025 00:00, 23-02-2025 00:00""], ""ubicacion"": [""Sala El Sol""]}"
14,"{""caption"": ""Os dejamos un breve reportaje fotogrÃ¡fico del concierto de @ditzband del jueves pasado. Â¡TodavÃ­a seguimos en shock! ğŸ¤¯ Plss guys, come back soon!ğŸ«¶ğŸ» ğŸ“· @musicazul"", ""date"": ""09-02-2025"", ""image_path"": ""img/img14.png""}","{""artistas"": [""Ditzband""], ""fecha"": [""06-02-2025""], ""ubicacion"": [""Sala El Sol""]}"
15,"{""caption"": ""La magia del jazz te espera en CafÃ© Mercedes Pau Viguer Mercedes Sayas"", ""date"": ""09-11-2023"", ""image_path"": ""img/img15.png""}","{""artista"": [""Pau Viguer"", ""Mercedes Sayas""], ""fecha"": [""10-11-2023""], ""ubicacion"": [""CafÃ© Mercedes Jazz""]}"
16,"{""caption"": ""Que pasa se xuntas Ã¡s dÃºas compaÃ±Ã­as de impro mÃ¡s cool da cidade, os veteranos TheMomento e as novas fenÃ³menas, As Teimas? Pois un festival de comedia instÃ¡ntea, humor directo e historias improvisadas, un espectÃ¡culo como nunca viches, un Tremendo Show."", ""date"": ""11-02-2025"", ""image_path"": ""img/img16.png""}","{""artista"": [""TheMomento"", ""As Teimas""], ""fecha"": [""19-02-2025""], ""ubicacion"": [""Sala Capitol""]}"
17,"{""caption"": ""@salacapitol | @nickwaterhouse | 23.04.2025 | 21:30h Entradas en www.salacapitol.com e @areixa.tenda"", ""date"": ""07-02-2025"", ""image_path"": ""img/img17.png""}","{""artista"": [""Nick Waterhouse""], ""fecha"": [""23-04-2025 21:30""], ""ubicacion"": [""Sala Capitol""]}"
18,"{""caption"": ""@fantasticnegrito gaÃ±ador de tres premios GRAMMYÂ®, aterrizarÃ¡ na @salacapitol este prÃ³ximo verÃ¡n (28/07/2025) cun concerto que de seguro serÃ¡ inolvidable. Entradas en www.salacapitol.com e @areixa.tenda"", ""date"": ""04-02-2025"", ""image_path"": ""img/img18.png""}","{""artista"": [""Fantastic Negrito""], ""fecha"": [""28-07-2025""], ""ubicacion"": [""Sala Capitol""]}"
19,"{""caption"": ""shego es una banda de rock afincada en Madrid. Maite, Raquel y Charlotte estÃ¡n a punto de hacer que todo salte por los aires. AquÃ­ queda el aviso. En los Ãºltimos meses, han publicado â€˜La fiestaâ€™, â€˜arghHhh!â€™ y â€˜Aunque duelaâ€™, los primeros adelantos de â€˜No lo volverÃ© hacerâ€™, el que serÃ¡ su segundo disco, que verÃ¡ la luz a comienzos de 2025. Lo nuevo de shego es impecable, fresco, cargado de destellos. Descaradas. Arrolladoras. Perfectas. Canciones directas, que interpelan, en las que estribillos memorables se mezclan con letras mordaces de las que ya nunca podrÃ¡s salir."", ""date"": ""26-02-2025"", ""image_path"": ""img/img19.png""}","{""artista"": [""shego""], ""fecha"": [""15-03-2025 21:00""], ""ubicacion"": [""Circulo de Arte Toledo""]}"
20,"{""caption"": ""Inclasificable y cautivadora, asÃ­ es MarÃ­a Luisa RamÃ­rez, Maui para el arte, nacida en Utrera, una de las cunas del flamenco. Con una forma diferente de entender este arte, la de Utrera diluye fronteras y estereotipos con su mÃºsica y una puesta en escena cargada de teatralidad, compÃ¡s, humor y con ese sello inconfundible que resulta su personalidad sutilmente arrolladora.. Lejos de cualquier etiqueta conocida, han llegado a decir de ella que es la BjÃ¶rk de Utrera, la Lady Gaga del flamenco, la Woody Allen de la canciÃ³n, ... pero es simplemente Maui, Ãºnica en su especie"", ""date"": ""26-02-2025"", ""image_path"": ""img/img20.png""}","{""artista"": [""Maui""], ""fecha"": [""8-03-2025 20:30""], ""ubicacion"": [""Circulo de Arte Toledo""]}"
21,"{""caption"": ""EspectÃ¡culo flamenco con:\nMaribel Montes (Baile)\nRocÃ­o Camacho (Cante)\nMiguel Laguna (Cante)\nJuan Camacho (Guitarra)\nLola Jimena (Guitarra)"", ""date"": ""26-02-2025"", ""image_path"": ""img/img21.png""}","{""artista"": [""Maribel Montes"", ""RocÃ­o Camacho"", ""Miguel Laguna"", ""Juan Camacho"", ""Lola Jimena""], ""fecha"": [""27-02-2025""], ""ubicacion"": [""Circulo de Arte Toledo""]}"
22,"{""caption"": ""Menudos SwingvergÃ¼enzas los que nos esperan en Port of Spain el 28 febrero a las 22:00... ğŸ˜†\nMÃ¡s que un grupo es una amalgama de mÃºsicos de la escena del #jazz almeriense que nos hacen viajar al Nueva Orleans a travÃ©s de su mÃºsica, No hay clÃ¡sico del #swing jazz primigenio o second line que no estÃ© en su repertorio. Tanto es asÃ­ que les apodan los vinilos del jazz."", ""date"": ""27-02-2025""}","{""artista"": [""Menudos SwingvergÃ¼enzas""], ""fecha"": [""28-02-2025 22:00""], ""ubicacion"": [""Port of Spain - Clasijazz""]}"
23,"{""caption"": ""Falsas Nubes y !Banga ğŸ‘‰ Grupo almeriense creado por el guitarrista Nacho MartÃ­nez en 2022. Su estilo es la combinaciÃ³n de rock alternativo y shoegaze, creando asÃ­ paisajes sonoros.\nEstarÃ¡n con nosotros el Viernes 28 febrero a las 22:00 ğŸ˜ Â¿Tienes ya tu entrada?\nDesde su formaciÃ³n, han capturado la atenciÃ³n de la escena local con su sonido Ãºnico y sus presentaciones en vivo, prometiendo ser una de las revelaciones mÃ¡s interesantes del panorama musical local. Junto a ellos se estrenarÃ¡ la banda con sonido emo Banga."", ""date"": ""26-02-2025""}","{""artista"": [""Falsas Nubes y !Banga""], ""fecha"": [""28-02-2025 22:00""], ""ubicacion"": [""Clasijazz""]}"
24,"{""caption"": ""ğŸ‘©â€ğŸ¤ MUJERES EN VIVO 2025\nÂ¿AuÌn no tienes planes para marzo? ğŸ¸ğŸ·\nTe proponemos una experiencia uÌnicaâ€¼\nğŸ—“ MieÌrcoles 12 de marzo:\nğŸ¸ ROCK'N'HEELS MUJERES ROCKERAS\nğŸ“ Honky Tonk Bar\nâŒš 00:15h.\nğŸ—“ Jueves 13 de marzo:\nğŸ¸ MARTA GOÌMEZ\nğŸ“ CafÃ© Berlin\nâŒš 20:00h.\nğŸ¸ PASTORA ANDRADES\nğŸ“ CafÃ© El Despertar\nâŒš 20:30h.\nğŸ¸ GALA NELL\nğŸ“ Moby Dick Club\nâŒš 20:30h.\nğŸ¸ CRIS MENDEZ\nğŸ“ Sala BÃºho Real\nâŒš 21:00h.\nğŸ¸ MARIA ZERPA Y LOS OCELOTES\nğŸ“ El Intruso\nâŒš 21:30h.\nğŸ¸ LA DESPEDIDA\nğŸ“ Microteatro Por Dinero\nâŒš 22:00h.\nğŸ¸ AIXA\nğŸ“ Maravillas Club\nâŒš 21:00h.\nğŸ—“ Viernes 14 de marzo:\nğŸ¸ WOMAN POWER + A TEMPO\nğŸ“ RINCON DEL ARTE NUEVO\nâŒš 20:00h\nğŸ¸ BRAVA\nğŸ“EL SÃ“TANO\nâŒš 20:30h\nğŸ”Consulta la programacioÌn completa de #MujeresenVivo en madridenvivo.com\nMujeres en Vivo es un ciclo organizado por Madrid en Vivo, con la colaboracioÌn de la DireccioÌn General de la Mujer de la Comunidad de Madrid a traveÌs de su SubdireccioÌn General de Mujer e Igualdad de Oportunidades #MujeresenVivo2025 #conciertos #Madrid #salasdeconciertos #salas #salasdemusica #musica #musicaenvivo #cultura #planes #planesMadrid #culturaMadrid #diainternacionaldelamujer ğŸ« Entradas e Info del ciclo en nuestra web â¬‡'https://madridenvivo.com (LINK EN BIO)'"", ""date"": ""25-02-2025""}","{""artista"": [""ROCK'N'HEELS MUJERES ROCKERAS"", ""MARTA GOÌMEZ"", ""PASTORA ANDRADES"", ""GALA NELL"", ""CRIS MENDEZ"", ""MARIA ZERPA Y LOS OCELOTES"", ""LA DESPEDIDA"", ""AIXA"", ""WOMAN POWER + A TEMPO"", ""BRAVA""], ""fecha"": [""12-03-2025 00:15h."", ""13-03-2025 20:00h."", ""13-03-2025 20:30h."", ""13-03-2025 20:30h."", ""13-03-2025 21:00h."", ""13-03-2025 21:30h."", ""13-03-2025 22:00h."", ""14-03-2025 21:00h."", ""14-03-2025 20:00h."", ""14-03-2025 20:30h.""], ""ubicacion"": [""Honky Tonk Bar"", ""CafÃ© Berlin"", ""CafÃ© El Despertar"", ""Moby Dick Club"", ""Sala BÃºho Real"", ""El Intruso"", ""Microteatro Por Dinero"", ""Maravillas Club"", ""RINCON DEL ARTE NUEVO"", ""EL SÃ“TANO""]}"
25,"{""caption"": ""Grison \""EN BUCLE\"" el 17 de mayo en Sevilla (Sala Custom) ğŸ˜\nEntradas disponibles en https://www.tomaticket.es/es-es/entradas-grison-en-sevilla"", ""date"": ""24-02-2025"", ""image_path"": ""img/img25.png""}","{""artista"": [""Grison""], ""fecha"": [""17-05-2025""], ""ubicacion"": [""Sala Custom""]}"
26,"{""caption"": ""Gloosito, referente del nuevo rap espaÃ±ol, anuncia una ambiciosa gira nacional, con parada el 30/05 en la Sala Custom (Sevilla) ğŸ”¥\nPresentando â€œEUROSLiMEâ€ (Atlantic Records), su Ã¡lbum debut. Una propuesta cruda, autÃ©ntica y callejera que refleja a una generaciÃ³n emergente y marca el futuro del gÃ©nero urbano.\nğŸ« Preventa SMusic: 18/02 a las 12h.\nğŸ« Preventas planetevents.es y livenation.es: 19/02 a las 12h.\nğŸŸï¸ Venta planetevents.es, livenation.es, Ticketmaster y El Corte InglÃ©s: 20/02 a las 12h."", ""date"": ""18-02-2025"", ""image_path"": ""img/img26.png""}","{""artista"": [""Gloosito""], ""fecha"": [""30-05-2025""], ""ubicacion"": [""Sala Custom""]}"
27,"{""caption"": ""El primer FIN DE SEMANA del ciclo #MUJERESENVIVO2025 ğŸ’ƒğŸ¶ comienza fuerte con estas propuestasğŸ¤©\nğŸ—“ï¸ SÃ¡bado 8 de marzo:\nğŸ¸ BLINDNESS ALLOWED\nğŸ“ Barracudas Rock Bar\nâŒš 21:00h\nğŸ¸ ROCIO Dâ€™LAO\nğŸ“ Cadavra\nâŒš 21:00h\nğŸ¸ PIANO CLÃSICO â€˜EN FEMENINOâ€™ CON INÃ‰S ALVARADO\nğŸ“ Sala Clamores\nâŒš 17:30h\nğŸ¸ ANA RODRIGO\nğŸ“ EL SÃ“TANO\nâŒš 21:00h\nğŸ¸ PINPILINPUSSIES\nğŸ“ Maravillas Club\nâŒš 21:00h\nğŸ¸ THE CLAMS\nğŸ“ Moby Dick Club\nâŒš 19:30h.\nğŸ¸ SILVIA PENIDE + LORENA BRUCKE\nğŸ“ RINCON DEL ARTE NUEVO\nâŒš 20:00h\nğŸ¸ NATHALIE BRAUX QUARTET presenta â€˜WANDERINGSâ€™\nğŸ“ CafÃ© El Despertar\nâŒš 21:30h y 22:30h\nğŸ—“ï¸ Domingo 9 de marzo:\nğŸ¸ SUSAN SANTOS + OMAGA + SILVIA GERS (LE FEMME)\nğŸ“ El Sol\nâŒš 19:30h\nğŸ¸ LORENA MONGE\nğŸ“ CAFE LA PALMA\nâŒš 21:00h\nğŸ« Entradas e Info del ciclo en nuestra web â¬‡ï¸\nmadridenvivo.com\nMUJERES EN VIVO 2025 ğŸ’ƒğŸ¶ es un ciclo organizado por #MadridenVivo con la colaboraciÃ³n de la DirecciÃ³n General de Igualdad de la Comunidad de Madrid         #conciertos #salasdeconciertos #salas #salasdemusica #musica #musicaenvivo #cultura #planes #planesMadrid #culturaMadrid #indie #electronica #rock # #jazz #rap #soul #blues #flamenco #canciondeautor #pop #funk #blues #metal #Clubbing"", ""date"": ""18-02-2025"", ""image_path"": ""img/img27.png""}","{""artista"": [""BLINDNESS ALLOWED"", ""ROCIO D'LAO"", ""PIANO CLÃSICO 'EN FEMENINO' CON INÃ‰S ALVARADO"", ""ANA RODRIGO"", ""PINPILINPUSSIES"", ""THE CLAMS"", ""SILVIA PENIDE + LORENA BRUCKE"", ""NATHALIE BRAUX QUARTET"", ""SUSAN SANTOS + OMAGA + SILVIA GERS (LE FEMME)"", ""LORENA MONGE""], ""fecha"": [""2025-03-08 21:00:00"", ""2025-03-08 21:00:00"", ""2025-03-08 17:30:00"", ""2025-03-08 21:00:00"", ""2025-03-08 21:00:00"", ""2025-03-08 19:30:00"", ""2025-03-08 20:00:00"", ""2025-03-08 21:30:00, 22:30:00"", ""2025-03-09 19:30:00"", ""2025-03-09 21:00:00""], ""ubicacion"": [""Barracudas Rock Bar"", ""Cadavra"", ""Sala Clamores"", ""EL SÃ“TANO"", ""Maravillas Club"", ""Moby Dick Club"", ""RINCON DEL ARTE NUEVO"", ""CafÃ© El Despertar"", ""El Sol"", ""CAFE LA PALMA""]}"
28,"{""caption"": "" ğŸ”¥ğŸ”¥Â¡Â¡BABOON FEST 2025!!ğŸ”¥ğŸ”¥\nLo que empezÃ³ como una broma entre amigos hoy se hace una realidad. Hoy nace el BABOON FEST, festival independiente por y para las bandas de Albacete. El prÃ³ximo sÃ¡bado 10 de Mayo tenemos una cita en la sala ClanDestino de Albacete.\nEn esta primera ediciÃ³n contaremos con INSANIAM, banda albaceteÃ±a en plena gira espaÃ±ola que traerÃ¡ su infecciÃ³n a la ciudad.\nNo Drop For Us estarÃ¡n presentado su nuevo EP â€œAntesis PT. IIâ€, una de las bandas mÃ¡s en forma que no dejarÃ¡ indiferentes a nadie.\nPresentando su Ãºltimo trabajo â€œA Path To Revealâ€ tendremos a Frequency, que descargarÃ¡n toda su energÃ­a en su vuelta a los escenarios mÃ¡s vivos que nunca.\nEntradas disponibles en la web de la sala clandestino: www.salaclandestino.com\nÂ¡Las primeras 50 entradas estÃ¡n a solo 12â‚¬, asÃ­ que no se las pierdan! Â¡Corran que vuelan!"", ""date"": ""11-04-2025"", ""image_path"": ""img/img28.png""}","{""artista"": [""insaniam"", ""no drop for us"", ""frequency""], ""fecha"": [""10-05-2025""], ""ubicacion"": [""Clandestino""]}"
29,"{""caption"": "" La Vela Puerca regresa a EspaÃ±a para celebrar sus 30 aÃ±os de historia, y Es Gremi serÃ¡ una de las paradas imprescindibles de esta gira tan especial.\n\nCon una trayectoria llena de himnos y energÃ­a desbordante, la banda uruguaya ofrecerÃ¡ un show cargado de clÃ¡sicos que han marcado generaciones. Todos sus discos han sido discos de oro, y sus conciertos son una autÃ©ntica fiesta de rock vibrante y desenfrenado.\n\nUna cita imperdible para los amantes del buen directo.\n\nÂ¡Ven y vÃ­velo en directo!\nâ€” en Es Gremi Centre Musical."", ""date"": ""22-04-2025"", ""image_path"": ""img/img29.png""}","{""artista"": [""la vela puerca""], ""fecha"": [""28-04-2025 20:00:00""], ""ubicacion"": [""Es Gremi""]}"
30,"{""caption"": ""Semana 4 y 5 | Abril 2025\n\nğŸ“ MARTES 22 - 19h\nAlumnado ESCUELA PROVOZ\n\nğŸ“ MIÃ‰RCOLES 23 - 20:00h - 3â‚¬\nMICRO ABIERTO VOLANDER con @izanhernandez14\n@microabiertovolander\n\nğŸ“ JUEVES 24 - 19h - 5â‚¬ / 7â‚¬\nVULTURNA @vulturnamusic\n\nğŸ“ VIERNES 25 - 19:30h - 7â‚¬\nMIRI MARTÃNEZ Concierto Grado - Trinity CANTAâ€™M\n\nğŸ“ VIERNES 25 - 22:30h - @entradium\nDANIEL HIGIENICO @daniel.higienico\n\nğŸ“ SÃBADO 26 - 13h - 7â‚¬\nJORDI PINYOS Concierto Grado - Trinity CANTAâ€™M\nPiano: Juan Camilo Reyes\nGuitarra: Agustina Lado\nViolÃ­n: Alejandra CabaÃ±as\n\nğŸ“ SÃBADO 26 - 19h - 5â‚¬ anticipada\nCA-MALEANTES Show improvisaciÃ³n\n@ca_maleantes\n\nğŸ“ SÃBADO 26 - 22:30h - 8â‚¬ TicketAndRoll / 10â‚¬ taquilla\n-Concierto especial 30 aniversario-\nYO VIVO NAVEGANDO @yovivonavegando\nFARREN EL GUIRI @farrenelguiri\nLUCIA CARRIÃ“N @canta_luciacarrion\nLULU CORAZÃ“N @lulu__________corazon\nFLORENCIO ANDRE & RODRIGO @florencioandre @rodrigogutierrez21\nJORGE 99 @jorge_ninetynine\n\nğŸ“ DOMINGO 27 - 12:30h - 6â‚¬ y 8â‚¬\nMr. Fischer + Morleys\n@soymisterfischer\n\nğŸ“ DOMINGO 27 - 18:30h - anticipada 10â‚¬ / taquilla 12â‚¬\nDANIEL LLUCH @daniellluchvocalcoach\n\nğŸ“ MIÃ‰RCOLES 30 - 20h - 5â‚¬\nMICRO ABIERTO VOLANDER - especial 30 aniversario\nLa taquilla se destinarÃ¡ a la compra de un teclado para los @microabiertovolander\n\n#ELVOLANDER #VALENCIA\nMÃ¡s info WhatsApp 646910115 (JÃºlia A.)\nâ€” en El Volander"", ""date"": ""21-04-2025"", ""image_path"": ""img/img30.jpg""}","{""artista"": [""Alumnado ESCUELA PROVOZ"", ""Volander"", ""vulturna"", ""miri martÃ­nez"", ""daniel higienico"", ""jordi pinyos"", ""ca-maleantes"", ""yo vivo navegando"", ""farren el guiri"", ""lucia carriÃ³n"", ""lulu corazÃ³n"", ""florencio andre"", ""rodrigo"", ""jorge 99"", ""mr. fischer & morley"", ""daniel lluch"", ""izanhernandez14""], ""fecha"": [""22-04-2025 19:00:00"", ""23-04-2025 20:00:00"", ""24-04-2025 19:00:00"", ""25-04-2025 19:30:00"", ""25-04-2025 22:30:00"", ""26-04-2025 13:00:00"", ""26-04-2025 19:00:00"", ""26-04-2025 22:30:00"", ""27-04-2025 12:30:00"", ""27-04-2025 18:30:00"", ""30-04-2025 20:00:00""], ""ubicacion"": [""el volander""]}"
31,"{""caption"": ""La buena gente de DKV celebra la 35Âª ediciÃ³n del Scooter Run Alkarria y nos trae a dos bandas de culto. El viernes 2 de mayo, Los Bengala por tan solo 10â‚¬. Y el sÃ¡bado tendremos el gran placer de recibir a The Excitements por tan solo 15â‚¬. Venta en salaoxido.net"", ""date"": ""18-04-2025"", ""image_path"": ""img/img31.jpg""}","{""artista"": [""los bengala"", ""the excitements""], ""fecha"": [""02-05-2025 20:00:00"", ""03-05-2025 20:00:00""], ""ubicacion"": [""sala oxido""]}"
32,"{""caption"": "" ğŸ”º Los Rebujitos OFICIAL estarÃ¡n en MÃ¡laga el 3 de Mayo, tras el sold out de su Ãºltima visita anterior. ğŸŸï¸ Entradas disponibles en Wegow https://www.wegow.com/.../rebujitos-en-concierto-malaga"", ""date"": ""24-04-2025"", ""image_path"": ""img/img32.jpg""}","{""artista"": [""los rebujitos""], ""fecha"": [""03-05-2025""], ""ubicacion"": [""Sala Paris""]}"
33,"{""caption"": "" Los Gandules continÃºan girando su chou. Pertrechados con su habitual indumentaria de gala (bata y zapatillas de andar por casa) y dos guitarras para dar el pego, perpetran un espectÃ¡culo notablemente superior a los fuegos artificiales con los que recibieron a Marco Polo en China. Sus seudoversiones musicales y los inapropiados comentarios desatan sentimientos y emociones existencialistas entre el pÃºblico que se muestra incrÃ©dulo a la par que convencido. Si todavÃ­a no sabes si venir a verlos busca en youtube las actuaciones mejor pixelizadas. Temas como â€La Nasaâ€, â€œCuÃ­dame el Gatoâ€, â€œPolÃ­espanâ€, â€œLadrÃ³n de Cobreâ€ y muchas mÃ¡s, componen este Ãºnico y exclusivo trabajo con el que llevan girando este aÃ±o por toda la geografÃ­a espaÃ±ola. ğŸŸ Entradas en www.salaeuterpe.com @@los_gandules #PlanesAlicante #costablanca #turismosantjoan #musicaenvivo #alicante #planesalicante #santjoan #culturaensantjoan #alicantespain #conciertosalicante"", ""date"": ""14-04-2025"", ""image_path"": ""img/img33.jpg""}","{""artista"": [""los gandules""], ""fecha"": [""31-05-2025 22:00:00""], ""ubicacion"": [""sala euterpe""]}"
34,"{""caption"": "" ğŸ’¥ En una semana estaremos disfrutando del #InternationalJazzDay2025, el ciclo de las salas de #MadridenVivo con el que estaremos celebrando el International Jazz Day en Madrid, entre el miÃ©rcoles 30 de abril y el domingo cuatro de mayo. Te presentamos los conciertos de las dos primeras jornadas: ğŸ—“ï¸ MiÃ©rcoles 30 de ABRIL ğŸ™ï¸Cecilia Krull Quarter ğŸ“CafÃ© Central - Madrid ğŸ™ï¸ La Lunfardita ğŸ“ El Intruso ğŸ—“ï¸ Jueves 1 de MAYO ğŸ™ï¸Lara Fichera ğŸ“CafÃ© El Despertar ğŸ™ï¸ Serendipity ğŸ“ RINCON DEL ARTE NUEVO ğŸ” Toda la INFO: madridenvivo.com ğŸ“» Descubre contenido especial en radiocallao.es, la emisora oficial del ciclo. #Jazz #DiaInternacionaldelJazz #conciertos #Madrid #planesMadrid #CulturaMadrid #musica #cultura"", ""date"": ""24-04-2025"", ""image_path"": [""img/img34a.jpg, img/img34b.jpg, img/img34c.jpg, img/img34d.jpg""]}","{""artista"": [""cecilia krull quarter"", ""la lunfardita"", ""lara fichera"", ""serendipity""], ""fecha"": [""30-04-2025"", ""01-05-2025""], ""ubicacion"": [""cafÃ© central"", ""el intruso"", ""cafÃ© el despertar"", ""rincon del arte nuevo""]}"
35,"{""caption"": ""El sÃ¡bado 3 de mayo, se sube al escenario de @tribecaliveoviedo uno de los raperos mÃ¡s polÃ©micos del panorama actual, EL JINCHO. Entradas a la venta en www.epticket.com Permitida la entrada a menores de 16 aÃ±os acompaÃ±ados de un adulto y con autorizaciÃ³n de padre, madre o tutor legal. @epticket_entradas @eljincholagentefuerte â€” en Tribeca Live Oviedo."", ""date"": ""18-04-2025"", ""image_path"": ""img/img35.jpg""}","{""artista"": [""el jincho""], ""fecha"": [""03-05-2025""], ""ubicacion"": [""tribeca live oviedo""]}"
36,"{""caption"": ""Â¡UN TANTO DE JULIÃN EN LA GOLEADA DEL ATLÃ‰TICO MADRID! ğŸ‘ŠğŸ¼ğŸ”´âšª El Colchonero se impuso como local por 3-0 ante el Rayo Vallecano y marcha tercero en #LaLiga. Goles de la AraÃ±a, Sorloth y Gallagher para los de Simeone. ğŸ“¸ Alvaro Medranda/Quality Sport Images/Getty ImagesÂ¡UN TANTO DE JULIÃN EN LA GOLEADA DEL ATLÃ‰TICO MADRID! ğŸ‘ŠğŸ¼ğŸ”´âšª El Colchonero se impuso como local por 3-0 ante el Rayo Vallecano y marcha tercero en #LaLiga. Goles de la AraÃ±a, Sorloth y Gallagher para los de Simeone. ğŸ“¸ Alvaro Medranda/Quality Sport Images/Getty Images"", ""date"": ""24-04-2025"", ""image_path"": ""img/img36.jpg""}","{""artista"": [""indeterminado""], ""fecha"": [""indeterminado""], ""ubicacion"": [""indeterminado""]}"
37,"{""caption"": ""Que no nos hemos ido, que estamos de parranda, pero aÃºn nos queda algo de mecha. Es un gran placer que nuestro prÃ³ximo evento sea, ni mÃ¡s ni menos, que con Immaculate Fools y su gira 40 aniversario y como no puede ser de otra manera, dando espacio al talento local con @Aliceâ€™sCream Venta en salaoxido.net"", ""date"": ""16-04-2025"", ""image_path"": ""img/img37.jpg""}","{""artista"": [""immaculate fools"", ""aliceâ€™s cream""], ""fecha"": [""26-04-2025 22:00:00""], ""ubicacion"": [""sala oxido""]}"
38,"{""caption"": ""ğŸ”º El rapero J Abecia nos visitarÃ¡ el 2 de Mayo dentro de su gira nacional. ğŸŸï¸ Entradas disponibles en DICE https://dice.fm/.../xeme2l-j-abecia-desvelos-tour-2nd-may..."", ""date"": ""22-04-2025"", ""image_path"": ""img/img38.jpg""}","{""artista"": [""j abecia""], ""fecha"": [""02-05-2024 ""], ""ubicacion"": [""Sala Paris""]}"
39,"{""caption"": ""Este sÃ¡bado 25, @karavana__ estarÃ¡n en directo en @tribecaliveoviedo dentro de su gira \""Entre amores y errores\"". Apertura de puertas: 19:30 h. Concierto: 20:00 h. Entradas a la venta en @wegowes @vananarecords @goldenbeatagency"", ""date"": ""22-01-2025"", ""image_path"": ""img/img39.jpg""}","{""artista"": [""karavana__""], ""fecha"": [""25-01-2025 20:00:00""], ""ubicacion"": [""tribeca live oviedo""]}"
40,"{""caption"": ""BluenÃ¡ticos vuelven a reunirse para celebrar el 30 aniversario de su primer LP â€œPero no lo bastanteâ€¦â€ (1995), en un concierto donde repasarÃ¡n sus mejores temas y otros hits de su carrera. BluenÃ¡ticos ğŸŸ Entradas en www.salaeuterpe.com #PlanesAlicante #costablanca #turismosantjoan #musicaenvivo #alicante #planesalicante #santjoan #culturaensantjoan #alicantespain #conciertosalica"", ""date"": ""14-04-2025"", ""image_path"": ""img/img40.jpg""}","{""artista"": [""bluenÃ¡ticos""], ""fecha"": [""30-05-2025 22:00""], ""ubicacion"": [""sala euterpe""]}"
41,"{""caption"": ""âš¡ï¸Â¡REMEMBER TRIPS â€œEL FESTIVALâ€ VOL II!âš¡ï¸ Vuelve a Trips uno de los eventos mÃ¡s esperados del verano: el Festival Remember mÃ¡s loco de la RegiÃ³n ğŸš€ ğŸ—“ï¸ Disfruta del mejor sonido el prÃ³ximo VIERNES 1 DE AGOSTO en nuestras DOS SALAS: Main Room: RAÃšL ORTIZ, DJ NEIL, JAVI BOSS, PACO GARCÃA, CHUMI DJ, DJ CARLO, TONI BAFLESâ€¦ Â¡y muchos mÃ¡s! Live Act: LA LUNA vs DEE DEE Â¿Y quÃ© mÃ¡s? ğŸ”¥Â¡NI TE LO IMAGINAS! TendrÃ¡s que estar atento a nuestras RRSSâ€¦ ğŸ¤­ Â¡YA PUEDES COMPRAR TU ENTRADA A TRAVÃ‰S DEL ENLACE DE NUESTRA BIO! ğŸ”— Ver menos â€” en Trips Summer Club."", ""date"": ""21-04-2025"", ""image_path"": ""img/img41.jpg""}","{""artista"": [""raul ortiz"", ""dj neil"", ""javi boss"", ""paco garcia"", ""chumi dj"", ""dj carlo"", ""toni bafles"", ""la luna"", ""dee dee""], ""fecha"": [""01-08-2024""], ""ubicacion"": [""trips summer club""]}"
42,"{""caption"": ""Esta noche vamos a vivir el Sala X el estrena de LUCAS EL MAQUINISTA, banda conformada por mÃºsicos de reconocido prestigio en la ciudad como David Acosta, JesÃºa ChÃ¡vez, Juangui Acosta, Leticia Romero y Melchor Hanna. Les acompaÃ±arÃ¡n en el escenario 4BIRRAS, que estÃ¡ en el top del Ã©xito. Cuatro padres de familia, ejecutivos escasamente agresivos y experimentados rockeros que han logrado sacar un hueco semanal para aflojarse la corbata y meterse cada uno cuatro birras entre pecho y guitarra. Tras unos aÃ±os recorriendo los bares de la ciudad y otros escenarios inverosÃ­miles con un repertorio de bodas con actitud de barra libre, la banda ha alcanzado su puntazo de madurez. SÃ­guelos en @lucas_elmaquinista y @4_birras Entradas anticipadas 10â‚¬ en ultiamaentrada.com Apertura de puertas 21:00h"", ""date"": ""25-04-2025"", ""image_path"": ""img/img42.jpg""}","{""artista"": [""lucas el maquinista"", ""4birras""], ""fecha"": [""25-04-2025 21:00:00""], ""ubicacion"": [""sala x""]}"
43,"{""caption"": ""Todo un gustazo tener en la cabina a uno de los grandes, Carlos Agraz que se estrena en el Remember the One con un set de impresiÃ³n que dejarÃ¡ huella, la primera vez siempre es especial. Entradas a la venta en taquilla. Entradas anticipadas con consumiciÃ³n https://www.enterticket.es/.../remember-the-one-3-de-mayo... Entradas fÃ­sicas Sevi 669123247 Nano 622481602 Paty 649265246 (WhatsApp) Arenales del sol, Santa Pola, Elche, Guardamar. Reservas VIP Whatsapp (solo mensajes) 625 51 26 05 (exclusivo Remember the One). SALA THE ONE calle bronce nÂ° 8 Sant Vicent del Raspeig (Alicante) 3 de mayo 6 de la tarde 12 horas de fiesta. La ultima de la temporada. Regalo cd a los 500 primeros en entar."", ""date"": ""24-04-2025"", ""image_path"": ""img/img43.jpg""}","{""artista"": [""carlos agraz""], ""fecha"": [""03-05-2024 18:00:00"", ""03-05-2024 12:00:00""], ""ubicacion"": [""sala the one""]}"
44,"{""caption"": ""SÃ¡bado 1 Marzo - 21:00h @negrosaturno presenta: @veiloflightmusic (Synthpop - New wave - Postpunk, Suiza) Entradas ğŸŸï¸ anticipadas en @woutick â€” en Radar Estudios."", ""date"": ""28-02-2025"", ""image_path"": ""img/img44.jpg""}","{""artista"": [""veiloflightmusic""], ""fecha"": [""01-03-2024 21:00:00""], ""ubicacion"": [""radar estudios""]}"
45,"{""caption"": ""- Una gran oportunidad para disfrutar con esta bandaza de EspaÃ±a - Entradas a la venta en Link de bio y web - Splinter (no confundir con otras bandas con el mismo nombre) con sede en Amsterdam (PaÃ­ses Bajos) estarÃ¡n presentando en nuestros escenarios parte de sus dos trabajos Â«Role ModelsÂ» (2023) y Â«Filthy PleasuresÂ» (2021) durante los Ãºltimos dÃ­as de Abril y primeros de Mayo. A pesar de su corta trayectoria no les falta experiencia ya que han estado en otras formaciones. De las cenizas de Death Alley, Birth Of Joy y Vanderbuyst surge esta super banda de rock. El baterÃ­a Barry, Douwe a la voz, el guitarrista Sander junto a Gertjan al Ã³rgano han formado esta gran propuesta. Los directos de este cuarteto irradian energÃ­a y reflejan la sabia nueva del rock. Una mezcla de hard rock con power pop y con ciertos guiÃ±os al punk es la mÃºsica que plantean en los dos trabajos que tienen hasta el momento. En definitiva rock clÃ¡sico en su mayor plenitud con diversidad de influencias que resalta por su frescura y desenfado. No faltan pegadizos riffs de guitarra impregnados de pegajosas melodÃ­as. El atrevimiento de introducir el Ã³rgano Hammond en sus temas es un aliciente a tener en cuenta en sus composiciones. SeÃ±oras y seÃ±oras damos la bienvenida a Splinter!!!"", ""date"": ""24-04-2025"", ""image_path"": ""img/img45.jpg""}","{""artista"": [""splinter""], ""fecha"": [""30-04-2025 21:00:00 ""], ""ubicacion"": [""Sala Picaro""]}"
46,"{""caption"": ""ğŸ“PrÃ³ximo jueves 24 abril, Salta la Banca en Valencia @Rock City. ğŸŸï¸ Ãšltimas entradas en www.rockcity.es â€” con Chainsaw Entertainment y Salta La Banca (Oficial)."", ""date"": ""22-04-2025"", ""image_path"": ""img/img46.jpg""}","{""artista"": [""salta la banca""], ""fecha"": [""24-04-2025 ""], ""ubicacion"": [""sala rock city""]}"
47,"{""caption"": ""ğŸ“… Viernes 25 de abril â€“ Marta Soto ğŸŒŸ Esta noche nos visita una de las voces mÃ¡s bonitas del pop espaÃ±ol: Marta Soto. Del Royal Albert Hall al Rock & Blues CafÃ©â€¦ y no es broma. Con sus canciones ha llenado salas por toda EspaÃ±a y ahora viene a Zaragoza con su corazÃ³n en cada nota. ğŸ•˜ 21:00h ğŸŸ Entradas aquÃ­ â†’ https://www.ticketmaster.es/event/marta-soto-entradas/42459 No dejes que te lo cuenten con vÃ­deos borrosos de Instagram. #MartaSotoZgz #PopConAlma #ConciertoEnZaragoza"", ""date"": ""25-04-2025"", ""image_path"": ""img/img47.jpg""}","{""artista"": [""marta soto""], ""fecha"": [""25-04-2025 21:00:00""], ""ubicacion"": [""rock & blues cafÃ©""]}"
48,"{""caption"": ""GRUPOS DE GUADALAJARA QUE LO HACEN MUY BIEN, TE ESPERAMOS."", ""date"": ""25-04-2025"", ""image_path"": ""img/img48.jpg""}","{""artista"": [""sexy zebras"", ""loquillo"", ""talco"", ""barricada"", ""la polla records"", ""reincidentes"", ""benito kamelas"", ""marea"", ""celtas cortos"", ""fito"", ""platero"", ""extremoduro"", ""la raÃ­z"", ""lory meyers"", ""la la love you""], ""fecha"": [""03-05-2024 21:30:00""], ""ubicacion"": [""cafÃ© teatro monkey man""]}"
49,"{""caption"": ""O venres 25 Abril na La Room concerto de SR. X celebrando o seu dÃ©cimo aniversario como banda subindo aos escenarios.... Apertura porta 24.00 h.... Entrada 8 â‚¬ ..... concerto 00.15 h. SR. X nace en Ferrol no 2015 no barrio de Canido. Unha banda moi eclÃ©ctica, fusionando diversos estilos como son o reggae, o ska ou o soul. Cun amplio repertorio de temas clÃ¡sicos e actuÃ¡is sempre levados ao seu terreo, cun obxetivo moi raro, facer mover o esquelete aos presentes. Tras algÃºns pequenos cambios na formaciÃ³n orixinal, os intregantes actuÃ¡is son: Tania Redondo (voz), Miguel Vilar (guitarra), Sonic (bajo), Gelocho (baterÃ­a), Rubo Ferreira (trompeta), Sito Rivera (saxo tenor), Daniel RodrÃ­guez (trombÃ³n). Este concerto estÃ¡ no programa da REDE GALEGA DE MÃšSICA AO VIVO COMPLEMENTARIA da sala La Room. Estos concertos estÃ¡n apoiados pola Xunta de Galicia mediante subvenciÃ³n da AGADIC (Axencia Galega das Industrias Culturais)."", ""date"": ""23-04-2025"", ""image_path"": ""img/img49.jpg""}","{""artista"": [""sr. x""], ""fecha"": [""25-04-2024 00:15:00""], ""ubicacion"": [""sala room""]}"
50,"{""caption"": ""@awakateband en la Sala BerlÃ­n el 25 de abril ğŸ¥‘ğŸ”¥ Ritmos contagiosos y pura energÃ­a en una noche que no te dejarÃ¡ indiferente. Â¿EstÃ¡s listo para la fiesta? ğŸŸï¸ No te quedes sin tu entrada, disponibles en berlinalmeria.com #salaberlinsocialclub #berlinalmeria #almeria #crashmusic #saladeconciertos #concierto #musicaenvivo #musicaenalmeria @crashmusic.es"", ""date"": ""01-04-2025"", ""image_path"": ""img/img50.jpg""}","{""artista"": [""awakateband""], ""fecha"": [""25-04-2024 20:00:00""], ""ubicacion"": [""berlin social club""]}"
